<?xml version="1.0" encoding="UTF-8"?><?xml-stylesheet type='text/xsl' href='_UpgradeReport_Files/UpgradeReport.xslt'?><UpgradeLog>
<Properties><Property Name="Solution" Value="wContourDemo">
</Property><Property Name="解决方案文件" Value="D:\MyProgram\CSharp\wContourDemo\wContourDemo.sln">
</Property><Property Name="用户选项文件" Value="D:\MyProgram\CSharp\wContourDemo\wContourDemo.suo">
</Property><Property Name="Date" Value="2014年6月21日">
</Property><Property Name="Time" Value="0:08">
</Property></Properties><Event ErrorLevel="0" Project="" Source="wContourDemo.sln" Description="文件已成功备份为 D:\MyProgram\CSharp\wContourDemo\Backup\wContourDemo.sln">
</Event><Event ErrorLevel="0" Project="" Source="wContourDemo.suo" Description="文件已成功备份为 D:\MyProgram\CSharp\wContourDemo\Backup\wContourDemo.suo">
</Event><Event ErrorLevel="0" Project="wContourDemo" Source="wContourDemo.csproj" Description="项目文件已成功备份为 D:\MyProgram\CSharp\wContourDemo\Backup\wContourDemo.csproj">
</Event><Event ErrorLevel="0" Project="wContourDemo" Source="wContourDemo.csproj.user" Description="项目用户文件成功备份为 D:\MyProgram\CSharp\wContourDemo\Backup\wContourDemo.csproj.user">
</Event><Event ErrorLevel="0" Project="wContourDemo" Source="frmAbout.cs" Description="文件已成功备份为 D:\MyProgram\CSharp\wContourDemo\Backup\frmAbout.cs">
</Event><Event ErrorLevel="0" Project="wContourDemo" Source="frmAbout.Designer.cs" Description="文件已成功备份为 D:\MyProgram\CSharp\wContourDemo\Backup\frmAbout.Designer.cs">
</Event><Event ErrorLevel="0" Project="wContourDemo" Source="frmMain.cs" Description="文件已成功备份为 D:\MyProgram\CSharp\wContourDemo\Backup\frmMain.cs">
</Event><Event ErrorLevel="0" Project="wContourDemo" Source="frmMain.Designer.cs" Description="文件已成功备份为 D:\MyProgram\CSharp\wContourDemo\Backup\frmMain.Designer.cs">
</Event><Event ErrorLevel="0" Project="wContourDemo" Source="frmRandomData.cs" Description="文件已成功备份为 D:\MyProgram\CSharp\wContourDemo\Backup\frmRandomData.cs">
</Event><Event ErrorLevel="0" Project="wContourDemo" Source="frmRandomData.Designer.cs" Description="文件已成功备份为 D:\MyProgram\CSharp\wContourDemo\Backup\frmRandomData.Designer.cs">
</Event><Event ErrorLevel="0" Project="wContourDemo" Source="Program.cs" Description="文件已成功备份为 D:\MyProgram\CSharp\wContourDemo\Backup\Program.cs">
</Event><Event ErrorLevel="0" Project="wContourDemo" Source="Properties\AssemblyInfo.cs" Description="文件已成功备份为 D:\MyProgram\CSharp\wContourDemo\Backup\Properties\AssemblyInfo.cs">
</Event><Event ErrorLevel="0" Project="wContourDemo" Source="Properties\Resources.Designer.cs" Description="文件已成功备份为 D:\MyProgram\CSharp\wContourDemo\Backup\Properties\Resources.Designer.cs">
</Event><Event ErrorLevel="0" Project="wContourDemo" Source="Properties\Settings.Designer.cs" Description="文件已成功备份为 D:\MyProgram\CSharp\wContourDemo\Backup\Properties\Settings.Designer.cs">
</Event><Event ErrorLevel="0" Project="wContourDemo" Source="Properties\Settings.settings" Description="文件已成功备份为 D:\MyProgram\CSharp\wContourDemo\Backup\Properties\Settings.settings">
</Event><Event ErrorLevel="0" Project="wContourDemo" Source="frmAbout.resx" Description="文件已成功备份为 D:\MyProgram\CSharp\wContourDemo\Backup\frmAbout.resx">
</Event><Event ErrorLevel="0" Project="wContourDemo" Source="frmMain.resx" Description="文件已成功备份为 D:\MyProgram\CSharp\wContourDemo\Backup\frmMain.resx">
</Event><Event ErrorLevel="0" Project="wContourDemo" Source="frmRandomData.resx" Description="文件已成功备份为 D:\MyProgram\CSharp\wContourDemo\Backup\frmRandomData.resx">
</Event><Event ErrorLevel="0" Project="wContourDemo" Source="Properties\Resources.resx" Description="文件已成功备份为 D:\MyProgram\CSharp\wContourDemo\Backup\Properties\Resources.resx">
</Event><Event ErrorLevel="0" Project="wContourDemo" Source="wContourDemo.csproj" Description="项目已成功转换">
</Event><Event ErrorLevel="3" Project="wContourDemo" Source="wContourDemo.csproj" Description="Converted">
</Event><Event ErrorLevel="1" Project="wContour" Source="..\wContour\wContour.csproj" Description="警告: 正将项目文件备份到与原始解决方案相对路径不同的相对路径中。文件夹层次结构上的差异可能会导致在打开或生成备份的解决方案和项目时出现问题。">
</Event><Event ErrorLevel="0" Project="wContour" Source="..\wContour\wContour.csproj" Description="项目文件已成功备份为 D:\MyProgram\CSharp\wContourDemo\Backup\wContour\wContour.csproj">
</Event><Event ErrorLevel="0" Project="wContour" Source="..\wContour\wContour.csproj.user" Description="项目用户文件成功备份为 D:\MyProgram\CSharp\wContourDemo\Backup\wContour\wContour.csproj.user">
</Event><Event ErrorLevel="0" Project="wContour" Source="..\wContour\Global\Border.cs" Description="文件已成功备份为 D:\MyProgram\CSharp\wContourDemo\Backup\wContour\Global\Border.cs">
</Event><Event ErrorLevel="0" Project="wContour" Source="..\wContour\Contour.cs" Description="文件已成功备份为 D:\MyProgram\CSharp\wContourDemo\Backup\wContour\Contour.cs">
</Event><Event ErrorLevel="0" Project="wContour" Source="..\wContour\Global\BorderLine.cs" Description="文件已成功备份为 D:\MyProgram\CSharp\wContourDemo\Backup\wContour\Global\BorderLine.cs">
</Event><Event ErrorLevel="0" Project="wContour" Source="..\wContour\Global\BorderPoint.cs" Description="文件已成功备份为 D:\MyProgram\CSharp\wContourDemo\Backup\wContour\Global\BorderPoint.cs">
</Event><Event ErrorLevel="0" Project="wContour" Source="..\wContour\Global\EndPoint.cs" Description="文件已成功备份为 D:\MyProgram\CSharp\wContourDemo\Backup\wContour\Global\EndPoint.cs">
</Event><Event ErrorLevel="0" Project="wContour" Source="..\wContour\Global\Extent.cs" Description="文件已成功备份为 D:\MyProgram\CSharp\wContourDemo\Backup\wContour\Global\Extent.cs">
</Event><Event ErrorLevel="0" Project="wContour" Source="..\wContour\Global\IJPoint.cs" Description="文件已成功备份为 D:\MyProgram\CSharp\wContourDemo\Backup\wContour\Global\IJPoint.cs">
</Event><Event ErrorLevel="0" Project="wContour" Source="..\wContour\Global\Line.cs" Description="文件已成功备份为 D:\MyProgram\CSharp\wContourDemo\Backup\wContour\Global\Line.cs">
</Event><Event ErrorLevel="0" Project="wContour" Source="..\wContour\Global\PointD.cs" Description="文件已成功备份为 D:\MyProgram\CSharp\wContourDemo\Backup\wContour\Global\PointD.cs">
</Event><Event ErrorLevel="0" Project="wContour" Source="..\wContour\Global\Polygon.cs" Description="文件已成功备份为 D:\MyProgram\CSharp\wContourDemo\Backup\wContour\Global\Polygon.cs">
</Event><Event ErrorLevel="0" Project="wContour" Source="..\wContour\Global\PolyLine.cs" Description="文件已成功备份为 D:\MyProgram\CSharp\wContourDemo\Backup\wContour\Global\PolyLine.cs">
</Event><Event ErrorLevel="0" Project="wContour" Source="..\wContour\Interpolate.cs" Description="文件已成功备份为 D:\MyProgram\CSharp\wContourDemo\Backup\wContour\Interpolate.cs">
</Event><Event ErrorLevel="0" Project="wContour" Source="..\wContour\Legend.cs" Description="文件已成功备份为 D:\MyProgram\CSharp\wContourDemo\Backup\wContour\Legend.cs">
</Event><Event ErrorLevel="0" Project="wContour" Source="..\wContour\Properties\AssemblyInfo.cs" Description="文件已成功备份为 D:\MyProgram\CSharp\wContourDemo\Backup\wContour\Properties\AssemblyInfo.cs">
</Event><Event ErrorLevel="0" Project="wContour" Source="..\wContour\wContour.csproj" Description="项目文件不需要转换。">
</Event><Event ErrorLevel="3" Project="wContour" Source="..\wContour\wContour.csproj" Description="无需转换">
</Event><Event ErrorLevel="0" Project="" Source="wContourDemo.sln" Description="成功转换解决方案">
</Event><Event ErrorLevel="3" Project="" Source="wContourDemo.sln" Description="Converted">
</Event><Event ErrorLevel="0" Project="wContourDemo" Source="wContourDemo.csproj" Description="扫描完成: 项目文件不需要升级。">
</Event></UpgradeLog>